# List of time zones.
#
# ---------------------------------------------------------
# Copyright © 2006 Jonás Melián. Some rights reserved.
#
# This data sheet is licensed under the Creative Commons
# Attribution-NonCommercial-ShareAlike 2.5 License.
#
# You must read the LICENSE file.
# ---------------------------------------------------------
#
# Information:
#   http://www.twinsun.com/tz/tz-link.htm
#
# To tailor time to the users local time is used the python library:
#   http://pytz.sourceforge.net
#
# There are several territories that are deleted because
# they are not used in the 'Country' table:
#   AQ, CC, CX, GS, IO, TF, UM
#
# * code: TimeZone, country, zone *
#
# Country id : Time zone

AND:Europe/Andorra
ARE:Asia/Dubai
AFG:Asia/Kabul
ATG:America/Antigua
AIA:America/Anguilla
ALB:Europe/Tirane
ARM:Asia/Yerevan
ANT:America/Curacao
AGO:Africa/Luanda
ARG:America/Argentina/Buenos_Aires
ARG:America/Argentina/Catamarca
ARG:America/Argentina/Cordoba
ARG:America/Argentina/Jujuy
ARG:America/Argentina/La_Rioja
ARG:America/Argentina/Mendoza
ARG:America/Argentina/Rio_Gallegos
ARG:America/Argentina/San_Juan
ARG:America/Argentina/Tucuman
ARG:America/Argentina/Ushuaia
ASM:Pacific/Pago_Pago
AUT:Europe/Vienna
AUS:Australia/Adelaide
AUS:Australia/Brisbane
AUS:Australia/Broken_Hill
AUS:Australia/Currie
AUS:Australia/Darwin
AUS:Australia/Hobart
AUS:Australia/Lindeman
AUS:Australia/Lord_Howe
AUS:Australia/Melbourne
AUS:Australia/Perth
AUS:Australia/Sydney
ABW:America/Aruba
ALA:Europe/Mariehamn
AZE:Asia/Baku
BIH:Europe/Sarajevo
BRB:America/Barbados
BGD:Asia/Dhaka
BEL:Europe/Brussels
BFA:Africa/Ouagadougou
BGR:Europe/Sofia
BHR:Asia/Bahrain
BDI:Africa/Bujumbura
BEN:Africa/Porto-Novo
BMU:Atlantic/Bermuda
BRN:Asia/Brunei
BOL:America/La_Paz
BRA:America/Araguaina
BRA:America/Bahia
BRA:America/Belem
BRA:America/Boa_Vista
BRA:America/Campo_Grande
BRA:America/Cuiaba
BRA:America/Eirunepe
BRA:America/Fortaleza
BRA:America/Maceio
BRA:America/Manaus
BRA:America/Noronha
BRA:America/Porto_Velho
BRA:America/Recife
BRA:America/Rio_Branco
BRA:America/Sao_Paulo
BHS:America/Nassau
BTN:Asia/Thimphu
BWA:Africa/Gaborone
BLR:Europe/Minsk
BLZ:America/Belize
CAN:America/Atikokan
CAN:America/Blanc-Sablon
CAN:America/Cambridge_Bay
CAN:America/Dawson
CAN:America/Dawson_Creek
CAN:America/Edmonton
CAN:America/Glace_Bay
CAN:America/Goose_Bay
CAN:America/Halifax
CAN:America/Inuvik
CAN:America/Iqaluit
CAN:America/Moncton
CAN:America/Montreal
CAN:America/Nipigon
CAN:America/Pangnirtung
CAN:America/Rainy_River
CAN:America/Rankin_Inlet
CAN:America/Regina
CAN:America/St_Johns
CAN:America/Swift_Current
CAN:America/Thunder_Bay
CAN:America/Toronto
CAN:America/Vancouver
CAN:America/Whitehorse
CAN:America/Winnipeg
CAN:America/Yellowknife
COD:Africa/Kinshasa
COD:Africa/Lubumbashi
CAF:Africa/Bangui
COG:Africa/Brazzaville
CHE:Europe/Zurich
CIV:Africa/Abidjan
COK:Pacific/Rarotonga
CHL:America/Santiago
CHL:Pacific/Easter
CMR:Africa/Douala
CHN:Asia/Chongqing
CHN:Asia/Harbin
CHN:Asia/Kashgar
CHN:Asia/Shanghai
CHN:Asia/Urumqi
COL:America/Bogota
CRI:America/Costa_Rica
#SCG:Europe/Belgrade
CUB:America/Havana
CPV:Atlantic/Cape_Verde
CYP:Asia/Nicosia
CZE:Europe/Prague
DEU:Europe/Berlin
DJI:Africa/Djibouti
DNK:Europe/Copenhagen
DMA:America/Dominica
DOM:America/Santo_Domingo
DZA:Africa/Algiers
ECU:America/Guayaquil
ECU:Pacific/Galapagos
EST:Europe/Tallinn
EGY:Africa/Cairo
ESH:Africa/El_Aaiun
ERI:Africa/Asmera
ESP:Africa/Ceuta
ESP:Atlantic/Canary
ESP:Europe/Madrid
ETH:Africa/Addis_Ababa
FIN:Europe/Helsinki
FJI:Pacific/Fiji
FLK:Atlantic/Stanley
FSM:Pacific/Kosrae
FSM:Pacific/Ponape
FSM:Pacific/Truk
FRO:Atlantic/Faeroe
FRA:Europe/Paris
GAB:Africa/Libreville
GBR:Europe/London
GRD:America/Grenada
GEO:Asia/Tbilisi
GUF:America/Cayenne
GGY:Europe/Guernsey
GHA:Africa/Accra
GIB:Europe/Gibraltar
GRL:America/Danmarkshavn
GRL:America/Godthab
GRL:America/Scoresbysund
GRL:America/Thule
GMB:Africa/Banjul
GIN:Africa/Conakry
GLP:America/Guadeloupe
GNQ:Africa/Malabo
GRC:Europe/Athens
GTM:America/Guatemala
GUM:Pacific/Guam
GNB:Africa/Bissau
GUY:America/Guyana
HKG:Asia/Hong_Kong
HND:America/Tegucigalpa
HRV:Europe/Zagreb
HTI:America/Port-au-Prince
HUN:Europe/Budapest
IDN:Asia/Jakarta
IDN:Asia/Jayapura
IDN:Asia/Makassar
IDN:Asia/Pontianak
IRL:Europe/Dublin
ISR:Asia/Jerusalem
IMN:Europe/Isle_of_Man
IND:Asia/Calcutta
IRQ:Asia/Baghdad
IRN:Asia/Tehran
ISL:Atlantic/Reykjavik
ITA:Europe/Rome
JEY:Europe/Jersey
JAM:America/Jamaica
JOR:Asia/Amman
JPN:Asia/Tokyo
KEN:Africa/Nairobi
KGZ:Asia/Bishkek
KHM:Asia/Phnom_Penh
KIR:Pacific/Enderbury
KIR:Pacific/Kiritimati
KIR:Pacific/Tarawa
COM:Indian/Comoro
KNA:America/St_Kitts
PRK:Asia/Pyongyang
KOR:Asia/Seoul
KWT:Asia/Kuwait
CYM:America/Cayman
KAZ:Asia/Almaty
KAZ:Asia/Aqtau
KAZ:Asia/Aqtobe
KAZ:Asia/Oral
KAZ:Asia/Qyzylorda
LAO:Asia/Vientiane
LBN:Asia/Beirut
LCA:America/St_Lucia
LIE:Europe/Vaduz
LKA:Asia/Colombo
LBR:Africa/Monrovia
LSO:Africa/Maseru
LTU:Europe/Vilnius
LUX:Europe/Luxembourg
LVA:Europe/Riga
LBY:Africa/Tripoli
MAR:Africa/Casablanca
MCO:Europe/Monaco
MDA:Europe/Chisinau
MDG:Indian/Antananarivo
MHL:Pacific/Kwajalein
MHL:Pacific/Majuro
MKD:Europe/Skopje
MLI:Africa/Bamako
MMR:Asia/Rangoon
MNG:Asia/Choibalsan
MNG:Asia/Hovd
MNG:Asia/Ulaanbaatar
MAC:Asia/Macau
MNP:Pacific/Saipan
MTQ:America/Martinique
MRT:Africa/Nouakchott
MSR:America/Montserrat
MLT:Europe/Malta
MUS:Indian/Mauritius
MDV:Indian/Maldives
MWI:Africa/Blantyre
MEX:America/Cancun
MEX:America/Chihuahua
MEX:America/Hermosillo
MEX:America/Mazatlan
MEX:America/Merida
MEX:America/Mexico_City
MEX:America/Monterrey
MEX:America/Tijuana
MYS:Asia/Kuala_Lumpur
MYS:Asia/Kuching
MOZ:Africa/Maputo
NAM:Africa/Windhoek
NCL:Pacific/Noumea
NER:Africa/Niamey
NFK:Pacific/Norfolk
NGA:Africa/Lagos
NIC:America/Managua
NLD:Europe/Amsterdam
NOR:Europe/Oslo
NPL:Asia/Katmandu
NRU:Pacific/Nauru
NIU:Pacific/Niue
NZL:Pacific/Auckland
NZL:Pacific/Chatham
OMN:Asia/Muscat
PAN:America/Panama
PER:America/Lima
PYF:Pacific/Gambier
PYF:Pacific/Marquesas
PYF:Pacific/Tahiti
PNG:Pacific/Port_Moresby
PHL:Asia/Manila
PAK:Asia/Karachi
POL:Europe/Warsaw
SPM:America/Miquelon
PCN:Pacific/Pitcairn
PRI:America/Puerto_Rico
PSE:Asia/Gaza
PRT:Atlantic/Azores
PRT:Atlantic/Madeira
PRT:Europe/Lisbon
PLW:Pacific/Palau
PRY:America/Asuncion
QAT:Asia/Qatar
REU:Indian/Reunion
ROU:Europe/Bucharest
RUS:Asia/Anadyr
RUS:Asia/Irkutsk
RUS:Asia/Kamchatka
RUS:Asia/Krasnoyarsk
RUS:Asia/Magadan
RUS:Asia/Novosibirsk
RUS:Asia/Omsk
RUS:Asia/Sakhalin
RUS:Asia/Vladivostok
RUS:Asia/Yakutsk
RUS:Asia/Yekaterinburg
RUS:Europe/Kaliningrad
RUS:Europe/Moscow
RUS:Europe/Samara
RUS:Europe/Volgograd
RWA:Africa/Kigali
SAU:Asia/Riyadh
SLB:Pacific/Guadalcanal
SYC:Indian/Mahe
SDN:Africa/Khartoum
SWE:Europe/Stockholm
SGP:Asia/Singapore
SHN:Atlantic/St_Helena
SVN:Europe/Ljubljana
SJM:Arctic/Longyearbyen
SJM:Atlantic/Jan_Mayen
SVK:Europe/Bratislava
SLE:Africa/Freetown
SMR:Europe/San_Marino
SEN:Africa/Dakar
SOM:Africa/Mogadishu
SUR:America/Paramaribo
STP:Africa/Sao_Tome
SLV:America/El_Salvador
SYR:Asia/Damascus
SWZ:Africa/Mbabane
TCA:America/Grand_Turk
TCD:Africa/Ndjamena
TGO:Africa/Lome
THA:Asia/Bangkok
TJK:Asia/Dushanbe
TKL:Pacific/Fakaofo
TLS:Asia/Dili
TKM:Asia/Ashgabat
TUN:Africa/Tunis
TON:Pacific/Tongatapu
TUR:Europe/Istanbul
TTO:America/Port_of_Spain
TUV:Pacific/Funafuti
TWN:Asia/Taipei
TZA:Africa/Dar_es_Salaam
UKR:Europe/Kiev
UKR:Europe/Simferopol
UKR:Europe/Uzhgorod
UKR:Europe/Zaporozhye
UGA:Africa/Kampala
USA:America/Adak
USA:America/Anchorage
USA:America/Boise
USA:America/Chicago
USA:America/Denver
USA:America/Detroit
USA:America/Indiana/Indianapolis
USA:America/Indiana/Knox
USA:America/Indiana/Marengo
USA:America/Indiana/Petersburg
USA:America/Indiana/Vevay
USA:America/Indiana/Vincennes
USA:America/Juneau
USA:America/Kentucky/Louisville
USA:America/Kentucky/Monticello
USA:America/Los_Angeles
USA:America/Menominee
USA:America/New_York
USA:America/Nome
USA:America/North_Dakota/Center
USA:America/North_Dakota/New_Salem
USA:America/Phoenix
USA:America/Shiprock
USA:America/Yakutat
USA:Pacific/Honolulu
URY:America/Montevideo
UZB:Asia/Samarkand
UZB:Asia/Tashkent
VAT:Europe/Vatican
VCT:America/St_Vincent
VEN:America/Caracas
VGB:America/Tortola
VIR:America/St_Thomas
VNM:Asia/Saigon
VUT:Pacific/Efate
WLF:Pacific/Wallis
WSM:Pacific/Apia
YEM:Asia/Aden
MYT:Indian/Mayotte
ZAF:Africa/Johannesburg
ZMB:Africa/Lusaka
ZWE:Africa/Harare
